it,x_next_0,y_next,x_best_0,y_best,wall_time,acq_value,l_c,sigma_f,sigma_y,n_added
0,-8.064887438264162,-31.02763785947579,-8.508171723236424,-34.56993047404953,0.3056883999997808,7.39439896618136,0.023821845807445566,0.9931431854544955,0.11691109128717646,1
1,5.922452255022346,-38.35484628111885,5.922452255022346,-38.35484628111885,0.29609870000058436,9.10702421393599,0.07272446566438087,1.0040354508805667,0.00033546262790251185,1
2,9.99759488285148,10.932424940526166,5.922452255022346,-38.35484628111885,0.2938899999971909,4.6150381150619815,0.0987566946284366,1.1047487682030213,0.00033546262790251185,1
3,-9.982410692901887,-62.026858113261376,-9.982410692901887,-62.026858113261376,0.29128340000170283,0.8090515149545321,0.1004003289449696,1.1230529236710958,0.00033546262790251185,1
4,-2.4177811986238034,-55.355844836458985,-9.982410692901887,-62.026858113261376,0.2854544000001624,1.508319053038008,0.06956408636878081,1.0494196915375713,0.00033546721790701854,1
5,-3.198165035638274,-18.672515534856984,-9.982410692901887,-62.026858113261376,0.38378129999910016,2.755439432869009,0.06143667893546672,1.0272015874316645,0.0003354671881664449,1
6,-1.6798514739750114,-61.83940475551673,-9.982410692901887,-62.026858113261376,0.295356399998127,3.8924132207609246,0.06593735781169391,1.100336638904785,0.00033546719253241947,1
7,-1.91376124187682,-81.17194802503711,-1.91376124187682,-81.17194802503711,0.2865480000000389,1.5822556646088102,0.0772246907288197,1.1594171158296793,0.0003354669768662409,1
8,-9.432326805840832,-42.687283615030346,-1.91376124187682,-81.17194802503711,0.32732580000083544,2.599020821963318,0.025656299395030648,0.982924537971471,0.00040983588014845883,1
9,-2.0178539241919724,-86.26947278459735,-2.0178539241919724,-86.26947278459735,0.30949799999871175,2.208867119671028,0.026440843611645136,0.9914606962197402,0.0004098360416839355,1
