it,x_next_0,x_next_1,y_next,x_best_0,x_best_1,y_best,wall_time,acq_value,l_c,sigma_f,sigma_y,n_added
0,-1.3861033154875377,1.9690369179504765,-0.022958132601265634,0.5176874161281915,0.42485087327541393,-0.18775214987168293,7.856982899999821,0.002617624859020614,0.6308163722679834,10.000000000000002,0.01945246730314292,1
1,-1.4898100999886745,1.999743888511595,-0.0009603206109493473,0.5176874161281915,0.42485087327541393,-0.18775214987168293,5.6425232999999935,0.001827506849511145,0.6308163722679834,10.000000000000002,0.01945246730314292,1
2,1.2147548601503404,1.4592570191219552,0.09291172564001567,0.5176874161281915,0.42485087327541393,-0.18775214987168293,8.73660659999996,0.0010758224453415646,0.6308163722679834,10.000000000000002,0.01945246730314292,1
3,0.8504048016496712,0.6658663534812113,0.033803374479962095,0.5176874161281915,0.42485087327541393,-0.18775214987168293,5.549724699999842,0.0004344892530524372,0.6308163722679834,10.000000000000002,0.01945246730314292,1
4,-0.5661336232398271,0.24999929226025364,0.08107026411084624,0.5176874161281915,0.42485087327541393,-0.18775214987168293,4.338209499999721,0.00012301541264052914,0.6308163722679834,10.000000000000002,0.01945246730314292,1
5,1.4030290099847278,1.9666161928161796,-0.10205137214363896,0.5176874161281915,0.42485087327541393,-0.18775214987168293,8.075097200000073,0.00010319944383748369,0.6308163722679834,10.000000000000002,0.01945246730314292,1
6,1.3589488118796673,1.9820227974860112,0.023723411389753875,0.5176874161281915,0.42485087327541393,-0.18775214987168293,4.267771400000129,0.00018677125006236997,0.6308163722679834,10.000000000000002,0.01945246730314292,1
7,-1.3641411985319825,1.9601265690886942,-0.05604642511355096,0.5176874161281915,0.42485087327541393,-0.18775214987168293,5.514757200000076,8.578050397824416e-05,0.6308163722679834,10.000000000000002,0.01945246730314292,1
8,1.2274463513644402,1.552886258823241,-0.03986399474194757,0.5176874161281915,0.42485087327541393,-0.18775214987168293,5.400064999999813,4.7119841397393796e-05,0.6308163722679834,10.000000000000002,0.01945246730314292,1
9,-1.3822328124425742,1.9904491725125255,0.05760806219902608,0.5176874161281915,0.42485087327541393,-0.18775214987168293,11.00822530000005,0.000162201569900254,0.6308163722679834,10.000000000000002,0.01945246730314292,1
10,0.8849580854550476,0.7701727575846502,0.13744126015450708,0.5176874161281915,0.42485087327541393,-0.18775214987168293,5.657815199999732,3.24739720835206e-05,0.6216512850041943,10.000000000000002,0.018410354005357572,1
11,1.3897885235821947,1.96779950516868,-0.07091508622446115,0.5176874161281915,0.42485087327541393,-0.18775214987168293,9.31581019999976,1.3922589109704222e-05,0.6216512850041943,10.000000000000002,0.018410354005357572,1
12,1.3965274294579282,1.9952218438185283,-0.10883977008103451,0.5176874161281915,0.42485087327541393,-0.18775214987168293,4.554542400000173,3.113303628772383e-05,0.6216512850041943,10.000000000000002,0.018410354005357572,1
13,1.4497511360002853,1.995017249547824,0.06885908499640049,0.5176874161281915,0.42485087327541393,-0.18775214987168293,5.848101300000053,2.531918928868021e-05,0.6216512850041943,10.000000000000002,0.018410354005357572,1
14,1.290984983215667,1.699245372682861,0.07525533621453635,0.5176874161281915,0.42485087327541393,-0.18775214987168293,10.895689599999969,9.165029034345889e-06,0.6216512850041943,10.000000000000002,0.018410354005357572,1
15,-1.253112423119811,1.6680960516443917,-0.0900037416204657,0.5176874161281915,0.42485087327541393,-0.18775214987168293,6.773182299999917,4.760178712628031e-06,0.6216512850041943,10.000000000000002,0.018410354005357572,1
16,-1.3025877271604327,1.7204591534382025,0.11230252912639464,0.5176874161281915,0.42485087327541393,-0.18775214987168293,5.675492700000177,4.702396102935089e-06,0.6216512850041943,10.000000000000002,0.018410354005357572,1
17,-0.4498844579975958,0.17528843210542888,0.13229952433161907,0.5176874161281915,0.42485087327541393,-0.18775214987168293,6.909208600000056,2.527002628503709e-06,0.6216512850041943,10.000000000000002,0.018410354005357572,1
18,1.3682416535455322,1.995526585302883,-0.016049406383954898,0.5176874161281915,0.42485087327541393,-0.18775214987168293,6.140567899999951,1.201412764948656e-06,0.6216512850041943,10.000000000000002,0.018410354005357572,1
19,-1.3300788042546268,1.9915441582492996,0.12174759400220861,0.5176874161281915,0.42485087327541393,-0.18775214987168293,5.897785200000271,2.196041687584195e-06,0.6216512850041943,10.000000000000002,0.018410354005357572,1
